type, size, row_time, column_time
"c", 100, 0.001176, 0.003225
"c", 200, 0.001393, 0.012398
"c", 400, 0.002921, 0.102966
"c", 600, 0.005836, 0.352582
"c", 800, 0.005690, 0.877278
"c", 1000, 0.007448, 2.327302
"fortran", 100, 0.002, 0.001
"fortran", 200, 0.014, 0.009
"fortran", 400, 0.132, 0.096
"fortran", 600, 0.399, 0.401
"fortran", 800, 1.446, 1.340
"fortran", 1000, 3.218, 2.933
"fortran", 1600, 45.670, 25.685
