type, size, row_time, column_time
"c", 100, 0.001118, 0.001223
"c", 200, 0.002070, 0.002554
"c", 400, 0.003800, 0.005641
"c", 600, 0.006552, 0.007677
"c", 800, 0.007104, 0.011163
"c", 1000, 0.010315, 0.014656
"fortran", 100, 0.002, 0.001
"fortran", 200, 0.014, 0.009
"fortran", 400, 0.132, 0.096
"fortran", 600, 0.399, 0.401
"fortran", 800, 1.446, 1.340
"fortran", 1000, 3.218, 2.933
"fortran", 1600, 45.670, 25.685
